<a class="btn btn-menu" href="//www.azlyrics.com/a.html">A</a>,http://www.azlyrics.com/a.html
<a class="btn btn-menu" href="//www.azlyrics.com/b.html">B</a>,http://www.azlyrics.com/b.html
<a class="btn btn-menu" href="//www.azlyrics.com/c.html">C</a>,http://www.azlyrics.com/c.html
<a class="btn btn-menu" href="//www.azlyrics.com/d.html">D</a>,http://www.azlyrics.com/d.html
<a class="btn btn-menu" href="//www.azlyrics.com/e.html">E</a>,http://www.azlyrics.com/e.html
<a class="btn btn-menu" href="//www.azlyrics.com/f.html">F</a>,http://www.azlyrics.com/f.html
<a class="btn btn-menu" href="//www.azlyrics.com/g.html">G</a>,http://www.azlyrics.com/g.html
<a class="btn btn-menu" href="//www.azlyrics.com/h.html">H</a>,http://www.azlyrics.com/h.html
<a class="btn btn-menu" href="//www.azlyrics.com/i.html">I</a>,http://www.azlyrics.com/i.html
<a class="btn btn-menu" href="//www.azlyrics.com/j.html">J</a>,http://www.azlyrics.com/j.html
<a class="btn btn-menu" href="//www.azlyrics.com/k.html">K</a>,http://www.azlyrics.com/k.html
<a class="btn btn-menu" href="//www.azlyrics.com/l.html">L</a>,http://www.azlyrics.com/l.html
<a class="btn btn-menu" href="//www.azlyrics.com/m.html">M</a>,http://www.azlyrics.com/m.html
<a class="btn btn-menu" href="//www.azlyrics.com/n.html">N</a>,http://www.azlyrics.com/n.html
<a class="btn btn-menu" href="//www.azlyrics.com/o.html">O</a>,http://www.azlyrics.com/o.html
<a class="btn btn-menu" href="//www.azlyrics.com/p.html">P</a>,http://www.azlyrics.com/p.html
<a class="btn btn-menu" href="//www.azlyrics.com/q.html">Q</a>,http://www.azlyrics.com/q.html
<a class="btn btn-menu" href="//www.azlyrics.com/r.html">R</a>,http://www.azlyrics.com/r.html
<a class="btn btn-menu" href="//www.azlyrics.com/s.html">S</a>,http://www.azlyrics.com/s.html
<a class="btn btn-menu" href="//www.azlyrics.com/t.html">T</a>,http://www.azlyrics.com/t.html
<a class="btn btn-menu" href="//www.azlyrics.com/u.html">U</a>,http://www.azlyrics.com/u.html
<a class="btn btn-menu" href="//www.azlyrics.com/v.html">V</a>,http://www.azlyrics.com/v.html
<a class="btn btn-menu" href="//www.azlyrics.com/w.html">W</a>,http://www.azlyrics.com/w.html
<a class="btn btn-menu" href="//www.azlyrics.com/x.html">X</a>,http://www.azlyrics.com/x.html
<a class="btn btn-menu" href="//www.azlyrics.com/y.html">Y</a>,http://www.azlyrics.com/y.html
<a class="btn btn-menu" href="//www.azlyrics.com/z.html">Z</a>,http://www.azlyrics.com/z.html
<a class="btn btn-menu" href="//www.azlyrics.com/19.html">#</a>,http://www.azlyrics.com/19.html
<a class="btn btn-menu" href="//www.azlyrics.com/a.html">A</a>,http://www.azlyrics.com/a.html
<a class="btn btn-menu" href="//www.azlyrics.com/b.html">B</a>,http://www.azlyrics.com/b.html
<a class="btn btn-menu" href="//www.azlyrics.com/c.html">C</a>,http://www.azlyrics.com/c.html
<a class="btn btn-menu" href="//www.azlyrics.com/d.html">D</a>,http://www.azlyrics.com/d.html
<a class="btn btn-menu" href="//www.azlyrics.com/e.html">E</a>,http://www.azlyrics.com/e.html
<a class="btn btn-menu" href="//www.azlyrics.com/f.html">F</a>,http://www.azlyrics.com/f.html
<a class="btn btn-menu" href="//www.azlyrics.com/g.html">G</a>,http://www.azlyrics.com/g.html
<a class="btn btn-menu" href="//www.azlyrics.com/h.html">H</a>,http://www.azlyrics.com/h.html
<a class="btn btn-menu" href="//www.azlyrics.com/i.html">I</a>,http://www.azlyrics.com/i.html
<a class="btn btn-menu" href="//www.azlyrics.com/j.html">J</a>,http://www.azlyrics.com/j.html
<a class="btn btn-menu" href="//www.azlyrics.com/k.html">K</a>,http://www.azlyrics.com/k.html
<a class="btn btn-menu" href="//www.azlyrics.com/l.html">L</a>,http://www.azlyrics.com/l.html
<a class="btn btn-menu" href="//www.azlyrics.com/m.html">M</a>,http://www.azlyrics.com/m.html
<a class="btn btn-menu" href="//www.azlyrics.com/n.html">N</a>,http://www.azlyrics.com/n.html
<a class="btn btn-menu" href="//www.azlyrics.com/o.html">O</a>,http://www.azlyrics.com/o.html
<a class="btn btn-menu" href="//www.azlyrics.com/p.html">P</a>,http://www.azlyrics.com/p.html
<a class="btn btn-menu" href="//www.azlyrics.com/q.html">Q</a>,http://www.azlyrics.com/q.html
<a class="btn btn-menu" href="//www.azlyrics.com/r.html">R</a>,http://www.azlyrics.com/r.html
<a class="btn btn-menu" href="//www.azlyrics.com/s.html">S</a>,http://www.azlyrics.com/s.html
<a class="btn btn-menu" href="//www.azlyrics.com/t.html">T</a>,http://www.azlyrics.com/t.html
<a class="btn btn-menu" href="//www.azlyrics.com/u.html">U</a>,http://www.azlyrics.com/u.html
<a class="btn btn-menu" href="//www.azlyrics.com/v.html">V</a>,http://www.azlyrics.com/v.html
<a class="btn btn-menu" href="//www.azlyrics.com/w.html">W</a>,http://www.azlyrics.com/w.html
<a class="btn btn-menu" href="//www.azlyrics.com/x.html">X</a>,http://www.azlyrics.com/x.html
<a class="btn btn-menu" href="//www.azlyrics.com/y.html">Y</a>,http://www.azlyrics.com/y.html
<a class="btn btn-menu" href="//www.azlyrics.com/z.html">Z</a>,http://www.azlyrics.com/z.html
<a class="btn btn-menu" href="//www.azlyrics.com/19.html">#</a>,http://www.azlyrics.com/19.html
<a class="btn btn-menu" href="//www.azlyrics.com/a.html">A</a>,http://www.azlyrics.com/a.html
<a class="btn btn-menu" href="//www.azlyrics.com/b.html">B</a>,http://www.azlyrics.com/b.html
<a class="btn btn-menu" href="//www.azlyrics.com/c.html">C</a>,http://www.azlyrics.com/c.html
<a class="btn btn-menu" href="//www.azlyrics.com/d.html">D</a>,http://www.azlyrics.com/d.html
<a class="btn btn-menu" href="//www.azlyrics.com/e.html">E</a>,http://www.azlyrics.com/e.html
<a class="btn btn-menu" href="//www.azlyrics.com/f.html">F</a>,http://www.azlyrics.com/f.html
<a class="btn btn-menu" href="//www.azlyrics.com/g.html">G</a>,http://www.azlyrics.com/g.html
<a class="btn btn-menu" href="//www.azlyrics.com/h.html">H</a>,http://www.azlyrics.com/h.html
<a class="btn btn-menu" href="//www.azlyrics.com/i.html">I</a>,http://www.azlyrics.com/i.html
<a class="btn btn-menu" href="//www.azlyrics.com/j.html">J</a>,http://www.azlyrics.com/j.html
<a class="btn btn-menu" href="//www.azlyrics.com/k.html">K</a>,http://www.azlyrics.com/k.html
<a class="btn btn-menu" href="//www.azlyrics.com/l.html">L</a>,http://www.azlyrics.com/l.html
<a class="btn btn-menu" href="//www.azlyrics.com/m.html">M</a>,http://www.azlyrics.com/m.html
<a class="btn btn-menu" href="//www.azlyrics.com/n.html">N</a>,http://www.azlyrics.com/n.html
<a class="btn btn-menu" href="//www.azlyrics.com/o.html">O</a>,http://www.azlyrics.com/o.html
<a class="btn btn-menu" href="//www.azlyrics.com/p.html">P</a>,http://www.azlyrics.com/p.html
<a class="btn btn-menu" href="//www.azlyrics.com/q.html">Q</a>,http://www.azlyrics.com/q.html
<a class="btn btn-menu" href="//www.azlyrics.com/r.html">R</a>,http://www.azlyrics.com/r.html
<a class="btn btn-menu" href="//www.azlyrics.com/s.html">S</a>,http://www.azlyrics.com/s.html
<a class="btn btn-menu" href="//www.azlyrics.com/t.html">T</a>,http://www.azlyrics.com/t.html
<a class="btn btn-menu" href="//www.azlyrics.com/u.html">U</a>,http://www.azlyrics.com/u.html
<a class="btn btn-menu" href="//www.azlyrics.com/v.html">V</a>,http://www.azlyrics.com/v.html
<a class="btn btn-menu" href="//www.azlyrics.com/w.html">W</a>,http://www.azlyrics.com/w.html
<a class="btn btn-menu" href="//www.azlyrics.com/x.html">X</a>,http://www.azlyrics.com/x.html
<a class="btn btn-menu" href="//www.azlyrics.com/y.html">Y</a>,http://www.azlyrics.com/y.html
<a class="btn btn-menu" href="//www.azlyrics.com/z.html">Z</a>,http://www.azlyrics.com/z.html
<a class="btn btn-menu" href="//www.azlyrics.com/19.html">#</a>,http://www.azlyrics.com/19.html
<a class="btn btn-menu" href="//www.azlyrics.com/a.html">A</a>,http://www.azlyrics.com/a.html
<a class="btn btn-menu" href="//www.azlyrics.com/b.html">B</a>,http://www.azlyrics.com/b.html
<a class="btn btn-menu" href="//www.azlyrics.com/c.html">C</a>,http://www.azlyrics.com/c.html
<a class="btn btn-menu" href="//www.azlyrics.com/d.html">D</a>,http://www.azlyrics.com/d.html
<a class="btn btn-menu" href="//www.azlyrics.com/e.html">E</a>,http://www.azlyrics.com/e.html
<a class="btn btn-menu" href="//www.azlyrics.com/f.html">F</a>,http://www.azlyrics.com/f.html
<a class="btn btn-menu" href="//www.azlyrics.com/g.html">G</a>,http://www.azlyrics.com/g.html
<a class="btn btn-menu" href="//www.azlyrics.com/h.html">H</a>,http://www.azlyrics.com/h.html
<a class="btn btn-menu" href="//www.azlyrics.com/i.html">I</a>,http://www.azlyrics.com/i.html
<a class="btn btn-menu" href="//www.azlyrics.com/j.html">J</a>,http://www.azlyrics.com/j.html
<a class="btn btn-menu" href="//www.azlyrics.com/k.html">K</a>,http://www.azlyrics.com/k.html
<a class="btn btn-menu" href="//www.azlyrics.com/l.html">L</a>,http://www.azlyrics.com/l.html
<a class="btn btn-menu" href="//www.azlyrics.com/m.html">M</a>,http://www.azlyrics.com/m.html
<a class="btn btn-menu" href="//www.azlyrics.com/n.html">N</a>,http://www.azlyrics.com/n.html
<a class="btn btn-menu" href="//www.azlyrics.com/o.html">O</a>,http://www.azlyrics.com/o.html
<a class="btn btn-menu" href="//www.azlyrics.com/p.html">P</a>,http://www.azlyrics.com/p.html
<a class="btn btn-menu" href="//www.azlyrics.com/q.html">Q</a>,http://www.azlyrics.com/q.html
<a class="btn btn-menu" href="//www.azlyrics.com/r.html">R</a>,http://www.azlyrics.com/r.html
<a class="btn btn-menu" href="//www.azlyrics.com/s.html">S</a>,http://www.azlyrics.com/s.html
<a class="btn btn-menu" href="//www.azlyrics.com/t.html">T</a>,http://www.azlyrics.com/t.html
<a class="btn btn-menu" href="//www.azlyrics.com/u.html">U</a>,http://www.azlyrics.com/u.html
<a class="btn btn-menu" href="//www.azlyrics.com/v.html">V</a>,http://www.azlyrics.com/v.html
<a class="btn btn-menu" href="//www.azlyrics.com/w.html">W</a>,http://www.azlyrics.com/w.html
<a class="btn btn-menu" href="//www.azlyrics.com/x.html">X</a>,http://www.azlyrics.com/x.html
<a class="btn btn-menu" href="//www.azlyrics.com/y.html">Y</a>,http://www.azlyrics.com/y.html
<a class="btn btn-menu" href="//www.azlyrics.com/z.html">Z</a>,http://www.azlyrics.com/z.html
<a class="btn btn-menu" href="//www.azlyrics.com/19.html">#</a>,http://www.azlyrics.com/19.html
<a class="btn btn-menu" href="//www.azlyrics.com/a.html">A</a>,http://www.azlyrics.com/a.html
<a class="btn btn-menu" href="//www.azlyrics.com/b.html">B</a>,http://www.azlyrics.com/b.html
<a class="btn btn-menu" href="//www.azlyrics.com/c.html">C</a>,http://www.azlyrics.com/c.html
<a class="btn btn-menu" href="//www.azlyrics.com/d.html">D</a>,http://www.azlyrics.com/d.html
<a class="btn btn-menu" href="//www.azlyrics.com/e.html">E</a>,http://www.azlyrics.com/e.html
<a class="btn btn-menu" href="//www.azlyrics.com/f.html">F</a>,http://www.azlyrics.com/f.html
<a class="btn btn-menu" href="//www.azlyrics.com/g.html">G</a>,http://www.azlyrics.com/g.html
<a class="btn btn-menu" href="//www.azlyrics.com/h.html">H</a>,http://www.azlyrics.com/h.html
<a class="btn btn-menu" href="//www.azlyrics.com/i.html">I</a>,http://www.azlyrics.com/i.html
<a class="btn btn-menu" href="//www.azlyrics.com/j.html">J</a>,http://www.azlyrics.com/j.html
<a class="btn btn-menu" href="//www.azlyrics.com/k.html">K</a>,http://www.azlyrics.com/k.html
<a class="btn btn-menu" href="//www.azlyrics.com/l.html">L</a>,http://www.azlyrics.com/l.html
<a class="btn btn-menu" href="//www.azlyrics.com/m.html">M</a>,http://www.azlyrics.com/m.html
<a class="btn btn-menu" href="//www.azlyrics.com/n.html">N</a>,http://www.azlyrics.com/n.html
<a class="btn btn-menu" href="//www.azlyrics.com/o.html">O</a>,http://www.azlyrics.com/o.html
<a class="btn btn-menu" href="//www.azlyrics.com/p.html">P</a>,http://www.azlyrics.com/p.html
<a class="btn btn-menu" href="//www.azlyrics.com/q.html">Q</a>,http://www.azlyrics.com/q.html
<a class="btn btn-menu" href="//www.azlyrics.com/r.html">R</a>,http://www.azlyrics.com/r.html
<a class="btn btn-menu" href="//www.azlyrics.com/s.html">S</a>,http://www.azlyrics.com/s.html
<a class="btn btn-menu" href="//www.azlyrics.com/t.html">T</a>,http://www.azlyrics.com/t.html
<a class="btn btn-menu" href="//www.azlyrics.com/u.html">U</a>,http://www.azlyrics.com/u.html
<a class="btn btn-menu" href="//www.azlyrics.com/v.html">V</a>,http://www.azlyrics.com/v.html
<a class="btn btn-menu" href="//www.azlyrics.com/w.html">W</a>,http://www.azlyrics.com/w.html
<a class="btn btn-menu" href="//www.azlyrics.com/x.html">X</a>,http://www.azlyrics.com/x.html
<a class="btn btn-menu" href="//www.azlyrics.com/y.html">Y</a>,http://www.azlyrics.com/y.html
<a class="btn btn-menu" href="//www.azlyrics.com/z.html">Z</a>,http://www.azlyrics.com/z.html
<a class="btn btn-menu" href="//www.azlyrics.com/19.html">#</a>,http://www.azlyrics.com/19.html
<a class="btn btn-menu" href="//www.azlyrics.com/a.html">A</a>,http://www.azlyrics.com/a.html
<a class="btn btn-menu" href="//www.azlyrics.com/b.html">B</a>,http://www.azlyrics.com/b.html
<a class="btn btn-menu" href="//www.azlyrics.com/c.html">C</a>,http://www.azlyrics.com/c.html
<a class="btn btn-menu" href="//www.azlyrics.com/d.html">D</a>,http://www.azlyrics.com/d.html
<a class="btn btn-menu" href="//www.azlyrics.com/e.html">E</a>,http://www.azlyrics.com/e.html
<a class="btn btn-menu" href="//www.azlyrics.com/f.html">F</a>,http://www.azlyrics.com/f.html
<a class="btn btn-menu" href="//www.azlyrics.com/g.html">G</a>,http://www.azlyrics.com/g.html
<a class="btn btn-menu" href="//www.azlyrics.com/h.html">H</a>,http://www.azlyrics.com/h.html
<a class="btn btn-menu" href="//www.azlyrics.com/i.html">I</a>,http://www.azlyrics.com/i.html
<a class="btn btn-menu" href="//www.azlyrics.com/j.html">J</a>,http://www.azlyrics.com/j.html
<a class="btn btn-menu" href="//www.azlyrics.com/k.html">K</a>,http://www.azlyrics.com/k.html
<a class="btn btn-menu" href="//www.azlyrics.com/l.html">L</a>,http://www.azlyrics.com/l.html
<a class="btn btn-menu" href="//www.azlyrics.com/m.html">M</a>,http://www.azlyrics.com/m.html
<a class="btn btn-menu" href="//www.azlyrics.com/n.html">N</a>,http://www.azlyrics.com/n.html
<a class="btn btn-menu" href="//www.azlyrics.com/o.html">O</a>,http://www.azlyrics.com/o.html
<a class="btn btn-menu" href="//www.azlyrics.com/p.html">P</a>,http://www.azlyrics.com/p.html
<a class="btn btn-menu" href="//www.azlyrics.com/q.html">Q</a>,http://www.azlyrics.com/q.html
<a class="btn btn-menu" href="//www.azlyrics.com/r.html">R</a>,http://www.azlyrics.com/r.html
<a class="btn btn-menu" href="//www.azlyrics.com/s.html">S</a>,http://www.azlyrics.com/s.html
<a class="btn btn-menu" href="//www.azlyrics.com/t.html">T</a>,http://www.azlyrics.com/t.html
<a class="btn btn-menu" href="//www.azlyrics.com/u.html">U</a>,http://www.azlyrics.com/u.html
<a class="btn btn-menu" href="//www.azlyrics.com/v.html">V</a>,http://www.azlyrics.com/v.html
<a class="btn btn-menu" href="//www.azlyrics.com/w.html">W</a>,http://www.azlyrics.com/w.html
<a class="btn btn-menu" href="//www.azlyrics.com/x.html">X</a>,http://www.azlyrics.com/x.html
<a class="btn btn-menu" href="//www.azlyrics.com/y.html">Y</a>,http://www.azlyrics.com/y.html
<a class="btn btn-menu" href="//www.azlyrics.com/z.html">Z</a>,http://www.azlyrics.com/z.html
<a class="btn btn-menu" href="//www.azlyrics.com/19.html">#</a>,http://www.azlyrics.com/19.html
<a class="btn btn-menu" href="//www.azlyrics.com/a.html">A</a>,http://www.azlyrics.com/a.html
<a class="btn btn-menu" href="//www.azlyrics.com/b.html">B</a>,http://www.azlyrics.com/b.html
<a class="btn btn-menu" href="//www.azlyrics.com/c.html">C</a>,http://www.azlyrics.com/c.html
<a class="btn btn-menu" href="//www.azlyrics.com/d.html">D</a>,http://www.azlyrics.com/d.html
<a class="btn btn-menu" href="//www.azlyrics.com/e.html">E</a>,http://www.azlyrics.com/e.html
<a class="btn btn-menu" href="//www.azlyrics.com/f.html">F</a>,http://www.azlyrics.com/f.html
<a class="btn btn-menu" href="//www.azlyrics.com/g.html">G</a>,http://www.azlyrics.com/g.html
<a class="btn btn-menu" href="//www.azlyrics.com/h.html">H</a>,http://www.azlyrics.com/h.html
<a class="btn btn-menu" href="//www.azlyrics.com/i.html">I</a>,http://www.azlyrics.com/i.html
<a class="btn btn-menu" href="//www.azlyrics.com/j.html">J</a>,http://www.azlyrics.com/j.html
<a class="btn btn-menu" href="//www.azlyrics.com/k.html">K</a>,http://www.azlyrics.com/k.html
<a class="btn btn-menu" href="//www.azlyrics.com/l.html">L</a>,http://www.azlyrics.com/l.html
<a class="btn btn-menu" href="//www.azlyrics.com/m.html">M</a>,http://www.azlyrics.com/m.html
<a class="btn btn-menu" href="//www.azlyrics.com/n.html">N</a>,http://www.azlyrics.com/n.html
<a class="btn btn-menu" href="//www.azlyrics.com/o.html">O</a>,http://www.azlyrics.com/o.html
<a class="btn btn-menu" href="//www.azlyrics.com/p.html">P</a>,http://www.azlyrics.com/p.html
<a class="btn btn-menu" href="//www.azlyrics.com/q.html">Q</a>,http://www.azlyrics.com/q.html
<a class="btn btn-menu" href="//www.azlyrics.com/r.html">R</a>,http://www.azlyrics.com/r.html
<a class="btn btn-menu" href="//www.azlyrics.com/s.html">S</a>,http://www.azlyrics.com/s.html
<a class="btn btn-menu" href="//www.azlyrics.com/t.html">T</a>,http://www.azlyrics.com/t.html
<a class="btn btn-menu" href="//www.azlyrics.com/u.html">U</a>,http://www.azlyrics.com/u.html
<a class="btn btn-menu" href="//www.azlyrics.com/v.html">V</a>,http://www.azlyrics.com/v.html
<a class="btn btn-menu" href="//www.azlyrics.com/w.html">W</a>,http://www.azlyrics.com/w.html
<a class="btn btn-menu" href="//www.azlyrics.com/x.html">X</a>,http://www.azlyrics.com/x.html
<a class="btn btn-menu" href="//www.azlyrics.com/y.html">Y</a>,http://www.azlyrics.com/y.html
<a class="btn btn-menu" href="//www.azlyrics.com/z.html">Z</a>,http://www.azlyrics.com/z.html
<a class="btn btn-menu" href="//www.azlyrics.com/19.html">#</a>,http://www.azlyrics.com/19.html
<a class="btn btn-menu" href="//www.azlyrics.com/a.html">A</a>,http://www.azlyrics.com/a.html
<a class="btn btn-menu" href="//www.azlyrics.com/b.html">B</a>,http://www.azlyrics.com/b.html
<a class="btn btn-menu" href="//www.azlyrics.com/c.html">C</a>,http://www.azlyrics.com/c.html
<a class="btn btn-menu" href="//www.azlyrics.com/d.html">D</a>,http://www.azlyrics.com/d.html
<a class="btn btn-menu" href="//www.azlyrics.com/e.html">E</a>,http://www.azlyrics.com/e.html
<a class="btn btn-menu" href="//www.azlyrics.com/f.html">F</a>,http://www.azlyrics.com/f.html
<a class="btn btn-menu" href="//www.azlyrics.com/g.html">G</a>,http://www.azlyrics.com/g.html
<a class="btn btn-menu" href="//www.azlyrics.com/h.html">H</a>,http://www.azlyrics.com/h.html
<a class="btn btn-menu" href="//www.azlyrics.com/i.html">I</a>,http://www.azlyrics.com/i.html
<a class="btn btn-menu" href="//www.azlyrics.com/j.html">J</a>,http://www.azlyrics.com/j.html
<a class="btn btn-menu" href="//www.azlyrics.com/k.html">K</a>,http://www.azlyrics.com/k.html
<a class="btn btn-menu" href="//www.azlyrics.com/l.html">L</a>,http://www.azlyrics.com/l.html
<a class="btn btn-menu" href="//www.azlyrics.com/m.html">M</a>,http://www.azlyrics.com/m.html
<a class="btn btn-menu" href="//www.azlyrics.com/n.html">N</a>,http://www.azlyrics.com/n.html
<a class="btn btn-menu" href="//www.azlyrics.com/o.html">O</a>,http://www.azlyrics.com/o.html
<a class="btn btn-menu" href="//www.azlyrics.com/p.html">P</a>,http://www.azlyrics.com/p.html
<a class="btn btn-menu" href="//www.azlyrics.com/q.html">Q</a>,http://www.azlyrics.com/q.html
<a class="btn btn-menu" href="//www.azlyrics.com/r.html">R</a>,http://www.azlyrics.com/r.html
<a class="btn btn-menu" href="//www.azlyrics.com/s.html">S</a>,http://www.azlyrics.com/s.html
<a class="btn btn-menu" href="//www.azlyrics.com/t.html">T</a>,http://www.azlyrics.com/t.html
<a class="btn btn-menu" href="//www.azlyrics.com/u.html">U</a>,http://www.azlyrics.com/u.html
<a class="btn btn-menu" href="//www.azlyrics.com/v.html">V</a>,http://www.azlyrics.com/v.html
<a class="btn btn-menu" href="//www.azlyrics.com/w.html">W</a>,http://www.azlyrics.com/w.html
<a class="btn btn-menu" href="//www.azlyrics.com/x.html">X</a>,http://www.azlyrics.com/x.html
<a class="btn btn-menu" href="//www.azlyrics.com/y.html">Y</a>,http://www.azlyrics.com/y.html
<a class="btn btn-menu" href="//www.azlyrics.com/z.html">Z</a>,http://www.azlyrics.com/z.html
<a class="btn btn-menu" href="//www.azlyrics.com/19.html">#</a>,http://www.azlyrics.com/19.html
<a class="btn btn-menu" href="//www.azlyrics.com/a.html">A</a>,http://www.azlyrics.com/a.html
<a class="btn btn-menu" href="//www.azlyrics.com/b.html">B</a>,http://www.azlyrics.com/b.html
<a class="btn btn-menu" href="//www.azlyrics.com/c.html">C</a>,http://www.azlyrics.com/c.html
<a class="btn btn-menu" href="//www.azlyrics.com/d.html">D</a>,http://www.azlyrics.com/d.html
<a class="btn btn-menu" href="//www.azlyrics.com/e.html">E</a>,http://www.azlyrics.com/e.html
<a class="btn btn-menu" href="//www.azlyrics.com/f.html">F</a>,http://www.azlyrics.com/f.html
<a class="btn btn-menu" href="//www.azlyrics.com/g.html">G</a>,http://www.azlyrics.com/g.html
<a class="btn btn-menu" href="//www.azlyrics.com/h.html">H</a>,http://www.azlyrics.com/h.html
<a class="btn btn-menu" href="//www.azlyrics.com/i.html">I</a>,http://www.azlyrics.com/i.html
<a class="btn btn-menu" href="//www.azlyrics.com/j.html">J</a>,http://www.azlyrics.com/j.html
<a class="btn btn-menu" href="//www.azlyrics.com/k.html">K</a>,http://www.azlyrics.com/k.html
<a class="btn btn-menu" href="//www.azlyrics.com/l.html">L</a>,http://www.azlyrics.com/l.html
<a class="btn btn-menu" href="//www.azlyrics.com/m.html">M</a>,http://www.azlyrics.com/m.html
<a class="btn btn-menu" href="//www.azlyrics.com/n.html">N</a>,http://www.azlyrics.com/n.html
<a class="btn btn-menu" href="//www.azlyrics.com/o.html">O</a>,http://www.azlyrics.com/o.html
<a class="btn btn-menu" href="//www.azlyrics.com/p.html">P</a>,http://www.azlyrics.com/p.html
<a class="btn btn-menu" href="//www.azlyrics.com/q.html">Q</a>,http://www.azlyrics.com/q.html
<a class="btn btn-menu" href="//www.azlyrics.com/r.html">R</a>,http://www.azlyrics.com/r.html
<a class="btn btn-menu" href="//www.azlyrics.com/s.html">S</a>,http://www.azlyrics.com/s.html
<a class="btn btn-menu" href="//www.azlyrics.com/t.html">T</a>,http://www.azlyrics.com/t.html
<a class="btn btn-menu" href="//www.azlyrics.com/u.html">U</a>,http://www.azlyrics.com/u.html
<a class="btn btn-menu" href="//www.azlyrics.com/v.html">V</a>,http://www.azlyrics.com/v.html
<a class="btn btn-menu" href="//www.azlyrics.com/w.html">W</a>,http://www.azlyrics.com/w.html
<a class="btn btn-menu" href="//www.azlyrics.com/x.html">X</a>,http://www.azlyrics.com/x.html
<a class="btn btn-menu" href="//www.azlyrics.com/y.html">Y</a>,http://www.azlyrics.com/y.html
<a class="btn btn-menu" href="//www.azlyrics.com/z.html">Z</a>,http://www.azlyrics.com/z.html
<a class="btn btn-menu" href="//www.azlyrics.com/19.html">#</a>,http://www.azlyrics.com/19.html
<a class="btn btn-menu" href="//www.azlyrics.com/a.html">A</a>,http://www.azlyrics.com/a.html
<a class="btn btn-menu" href="//www.azlyrics.com/b.html">B</a>,http://www.azlyrics.com/b.html
<a class="btn btn-menu" href="//www.azlyrics.com/c.html">C</a>,http://www.azlyrics.com/c.html
<a class="btn btn-menu" href="//www.azlyrics.com/d.html">D</a>,http://www.azlyrics.com/d.html
<a class="btn btn-menu" href="//www.azlyrics.com/e.html">E</a>,http://www.azlyrics.com/e.html
<a class="btn btn-menu" href="//www.azlyrics.com/f.html">F</a>,http://www.azlyrics.com/f.html
<a class="btn btn-menu" href="//www.azlyrics.com/g.html">G</a>,http://www.azlyrics.com/g.html
<a class="btn btn-menu" href="//www.azlyrics.com/h.html">H</a>,http://www.azlyrics.com/h.html
<a class="btn btn-menu" href="//www.azlyrics.com/i.html">I</a>,http://www.azlyrics.com/i.html
<a class="btn btn-menu" href="//www.azlyrics.com/j.html">J</a>,http://www.azlyrics.com/j.html
<a class="btn btn-menu" href="//www.azlyrics.com/k.html">K</a>,http://www.azlyrics.com/k.html
<a class="btn btn-menu" href="//www.azlyrics.com/l.html">L</a>,http://www.azlyrics.com/l.html
<a class="btn btn-menu" href="//www.azlyrics.com/m.html">M</a>,http://www.azlyrics.com/m.html
<a class="btn btn-menu" href="//www.azlyrics.com/n.html">N</a>,http://www.azlyrics.com/n.html
<a class="btn btn-menu" href="//www.azlyrics.com/o.html">O</a>,http://www.azlyrics.com/o.html
<a class="btn btn-menu" href="//www.azlyrics.com/p.html">P</a>,http://www.azlyrics.com/p.html
<a class="btn btn-menu" href="//www.azlyrics.com/q.html">Q</a>,http://www.azlyrics.com/q.html
<a class="btn btn-menu" href="//www.azlyrics.com/r.html">R</a>,http://www.azlyrics.com/r.html
<a class="btn btn-menu" href="//www.azlyrics.com/s.html">S</a>,http://www.azlyrics.com/s.html
<a class="btn btn-menu" href="//www.azlyrics.com/t.html">T</a>,http://www.azlyrics.com/t.html
<a class="btn btn-menu" href="//www.azlyrics.com/u.html">U</a>,http://www.azlyrics.com/u.html
<a class="btn btn-menu" href="//www.azlyrics.com/v.html">V</a>,http://www.azlyrics.com/v.html
<a class="btn btn-menu" href="//www.azlyrics.com/w.html">W</a>,http://www.azlyrics.com/w.html
<a class="btn btn-menu" href="//www.azlyrics.com/x.html">X</a>,http://www.azlyrics.com/x.html
<a class="btn btn-menu" href="//www.azlyrics.com/y.html">Y</a>,http://www.azlyrics.com/y.html
<a class="btn btn-menu" href="//www.azlyrics.com/z.html">Z</a>,http://www.azlyrics.com/z.html
<a class="btn btn-menu" href="//www.azlyrics.com/19.html">#</a>,http://www.azlyrics.com/19.html
<a class="btn btn-menu" href="//www.azlyrics.com/a.html">A</a>,http://www.azlyrics.com/a.html
<a class="btn btn-menu" href="//www.azlyrics.com/b.html">B</a>,http://www.azlyrics.com/b.html
<a class="btn btn-menu" href="//www.azlyrics.com/c.html">C</a>,http://www.azlyrics.com/c.html
<a class="btn btn-menu" href="//www.azlyrics.com/d.html">D</a>,http://www.azlyrics.com/d.html
<a class="btn btn-menu" href="//www.azlyrics.com/e.html">E</a>,http://www.azlyrics.com/e.html
<a class="btn btn-menu" href="//www.azlyrics.com/f.html">F</a>,http://www.azlyrics.com/f.html
<a class="btn btn-menu" href="//www.azlyrics.com/g.html">G</a>,http://www.azlyrics.com/g.html
<a class="btn btn-menu" href="//www.azlyrics.com/h.html">H</a>,http://www.azlyrics.com/h.html
<a class="btn btn-menu" href="//www.azlyrics.com/i.html">I</a>,http://www.azlyrics.com/i.html
<a class="btn btn-menu" href="//www.azlyrics.com/j.html">J</a>,http://www.azlyrics.com/j.html
<a class="btn btn-menu" href="//www.azlyrics.com/k.html">K</a>,http://www.azlyrics.com/k.html
<a class="btn btn-menu" href="//www.azlyrics.com/l.html">L</a>,http://www.azlyrics.com/l.html
<a class="btn btn-menu" href="//www.azlyrics.com/m.html">M</a>,http://www.azlyrics.com/m.html
<a class="btn btn-menu" href="//www.azlyrics.com/n.html">N</a>,http://www.azlyrics.com/n.html
<a class="btn btn-menu" href="//www.azlyrics.com/o.html">O</a>,http://www.azlyrics.com/o.html
<a class="btn btn-menu" href="//www.azlyrics.com/p.html">P</a>,http://www.azlyrics.com/p.html
<a class="btn btn-menu" href="//www.azlyrics.com/q.html">Q</a>,http://www.azlyrics.com/q.html
<a class="btn btn-menu" href="//www.azlyrics.com/r.html">R</a>,http://www.azlyrics.com/r.html
<a class="btn btn-menu" href="//www.azlyrics.com/s.html">S</a>,http://www.azlyrics.com/s.html
<a class="btn btn-menu" href="//www.azlyrics.com/t.html">T</a>,http://www.azlyrics.com/t.html
<a class="btn btn-menu" href="//www.azlyrics.com/u.html">U</a>,http://www.azlyrics.com/u.html
<a class="btn btn-menu" href="//www.azlyrics.com/v.html">V</a>,http://www.azlyrics.com/v.html
<a class="btn btn-menu" href="//www.azlyrics.com/w.html">W</a>,http://www.azlyrics.com/w.html
<a class="btn btn-menu" href="//www.azlyrics.com/x.html">X</a>,http://www.azlyrics.com/x.html
<a class="btn btn-menu" href="//www.azlyrics.com/y.html">Y</a>,http://www.azlyrics.com/y.html
<a class="btn btn-menu" href="//www.azlyrics.com/z.html">Z</a>,http://www.azlyrics.com/z.html
<a class="btn btn-menu" href="//www.azlyrics.com/19.html">#</a>,http://www.azlyrics.com/19.html
<a class="btn btn-menu" href="//www.azlyrics.com/a.html">A</a>,http://www.azlyrics.com/a.html
<a class="btn btn-menu" href="//www.azlyrics.com/b.html">B</a>,http://www.azlyrics.com/b.html
<a class="btn btn-menu" href="//www.azlyrics.com/c.html">C</a>,http://www.azlyrics.com/c.html
<a class="btn btn-menu" href="//www.azlyrics.com/d.html">D</a>,http://www.azlyrics.com/d.html
<a class="btn btn-menu" href="//www.azlyrics.com/e.html">E</a>,http://www.azlyrics.com/e.html
<a class="btn btn-menu" href="//www.azlyrics.com/f.html">F</a>,http://www.azlyrics.com/f.html
<a class="btn btn-menu" href="//www.azlyrics.com/g.html">G</a>,http://www.azlyrics.com/g.html
<a class="btn btn-menu" href="//www.azlyrics.com/h.html">H</a>,http://www.azlyrics.com/h.html
<a class="btn btn-menu" href="//www.azlyrics.com/i.html">I</a>,http://www.azlyrics.com/i.html
<a class="btn btn-menu" href="//www.azlyrics.com/j.html">J</a>,http://www.azlyrics.com/j.html
<a class="btn btn-menu" href="//www.azlyrics.com/k.html">K</a>,http://www.azlyrics.com/k.html
<a class="btn btn-menu" href="//www.azlyrics.com/l.html">L</a>,http://www.azlyrics.com/l.html
<a class="btn btn-menu" href="//www.azlyrics.com/m.html">M</a>,http://www.azlyrics.com/m.html
<a class="btn btn-menu" href="//www.azlyrics.com/n.html">N</a>,http://www.azlyrics.com/n.html
<a class="btn btn-menu" href="//www.azlyrics.com/o.html">O</a>,http://www.azlyrics.com/o.html
<a class="btn btn-menu" href="//www.azlyrics.com/p.html">P</a>,http://www.azlyrics.com/p.html
<a class="btn btn-menu" href="//www.azlyrics.com/q.html">Q</a>,http://www.azlyrics.com/q.html
<a class="btn btn-menu" href="//www.azlyrics.com/r.html">R</a>,http://www.azlyrics.com/r.html
<a class="btn btn-menu" href="//www.azlyrics.com/s.html">S</a>,http://www.azlyrics.com/s.html
<a class="btn btn-menu" href="//www.azlyrics.com/t.html">T</a>,http://www.azlyrics.com/t.html
<a class="btn btn-menu" href="//www.azlyrics.com/u.html">U</a>,http://www.azlyrics.com/u.html
<a class="btn btn-menu" href="//www.azlyrics.com/v.html">V</a>,http://www.azlyrics.com/v.html
<a class="btn btn-menu" href="//www.azlyrics.com/w.html">W</a>,http://www.azlyrics.com/w.html
<a class="btn btn-menu" href="//www.azlyrics.com/x.html">X</a>,http://www.azlyrics.com/x.html
<a class="btn btn-menu" href="//www.azlyrics.com/y.html">Y</a>,http://www.azlyrics.com/y.html
<a class="btn btn-menu" href="//www.azlyrics.com/z.html">Z</a>,http://www.azlyrics.com/z.html
<a class="btn btn-menu" href="//www.azlyrics.com/19.html">#</a>,http://www.azlyrics.com/19.html
<a class="btn btn-menu" href="//www.azlyrics.com/a.html">A</a>,http://www.azlyrics.com/a.html
<a class="btn btn-menu" href="//www.azlyrics.com/b.html">B</a>,http://www.azlyrics.com/b.html
<a class="btn btn-menu" href="//www.azlyrics.com/c.html">C</a>,http://www.azlyrics.com/c.html
<a class="btn btn-menu" href="//www.azlyrics.com/d.html">D</a>,http://www.azlyrics.com/d.html
<a class="btn btn-menu" href="//www.azlyrics.com/e.html">E</a>,http://www.azlyrics.com/e.html
<a class="btn btn-menu" href="//www.azlyrics.com/f.html">F</a>,http://www.azlyrics.com/f.html
<a class="btn btn-menu" href="//www.azlyrics.com/g.html">G</a>,http://www.azlyrics.com/g.html
<a class="btn btn-menu" href="//www.azlyrics.com/h.html">H</a>,http://www.azlyrics.com/h.html
<a class="btn btn-menu" href="//www.azlyrics.com/i.html">I</a>,http://www.azlyrics.com/i.html
<a class="btn btn-menu" href="//www.azlyrics.com/j.html">J</a>,http://www.azlyrics.com/j.html
<a class="btn btn-menu" href="//www.azlyrics.com/k.html">K</a>,http://www.azlyrics.com/k.html
<a class="btn btn-menu" href="//www.azlyrics.com/l.html">L</a>,http://www.azlyrics.com/l.html
<a class="btn btn-menu" href="//www.azlyrics.com/m.html">M</a>,http://www.azlyrics.com/m.html
<a class="btn btn-menu" href="//www.azlyrics.com/n.html">N</a>,http://www.azlyrics.com/n.html
<a class="btn btn-menu" href="//www.azlyrics.com/o.html">O</a>,http://www.azlyrics.com/o.html
<a class="btn btn-menu" href="//www.azlyrics.com/p.html">P</a>,http://www.azlyrics.com/p.html
<a class="btn btn-menu" href="//www.azlyrics.com/q.html">Q</a>,http://www.azlyrics.com/q.html
<a class="btn btn-menu" href="//www.azlyrics.com/r.html">R</a>,http://www.azlyrics.com/r.html
<a class="btn btn-menu" href="//www.azlyrics.com/s.html">S</a>,http://www.azlyrics.com/s.html
<a class="btn btn-menu" href="//www.azlyrics.com/t.html">T</a>,http://www.azlyrics.com/t.html
<a class="btn btn-menu" href="//www.azlyrics.com/u.html">U</a>,http://www.azlyrics.com/u.html
<a class="btn btn-menu" href="//www.azlyrics.com/v.html">V</a>,http://www.azlyrics.com/v.html
<a class="btn btn-menu" href="//www.azlyrics.com/w.html">W</a>,http://www.azlyrics.com/w.html
<a class="btn btn-menu" href="//www.azlyrics.com/x.html">X</a>,http://www.azlyrics.com/x.html
<a class="btn btn-menu" href="//www.azlyrics.com/y.html">Y</a>,http://www.azlyrics.com/y.html
<a class="btn btn-menu" href="//www.azlyrics.com/z.html">Z</a>,http://www.azlyrics.com/z.html
<a class="btn btn-menu" href="//www.azlyrics.com/19.html">#</a>,http://www.azlyrics.com/19.html
<a class="btn btn-menu" href="//www.azlyrics.com/a.html">A</a>,http://www.azlyrics.com/a.html
<a class="btn btn-menu" href="//www.azlyrics.com/b.html">B</a>,http://www.azlyrics.com/b.html
<a class="btn btn-menu" href="//www.azlyrics.com/c.html">C</a>,http://www.azlyrics.com/c.html
<a class="btn btn-menu" href="//www.azlyrics.com/d.html">D</a>,http://www.azlyrics.com/d.html
<a class="btn btn-menu" href="//www.azlyrics.com/e.html">E</a>,http://www.azlyrics.com/e.html
<a class="btn btn-menu" href="//www.azlyrics.com/f.html">F</a>,http://www.azlyrics.com/f.html
<a class="btn btn-menu" href="//www.azlyrics.com/g.html">G</a>,http://www.azlyrics.com/g.html
<a class="btn btn-menu" href="//www.azlyrics.com/h.html">H</a>,http://www.azlyrics.com/h.html
<a class="btn btn-menu" href="//www.azlyrics.com/i.html">I</a>,http://www.azlyrics.com/i.html
<a class="btn btn-menu" href="//www.azlyrics.com/j.html">J</a>,http://www.azlyrics.com/j.html
<a class="btn btn-menu" href="//www.azlyrics.com/k.html">K</a>,http://www.azlyrics.com/k.html
<a class="btn btn-menu" href="//www.azlyrics.com/l.html">L</a>,http://www.azlyrics.com/l.html
<a class="btn btn-menu" href="//www.azlyrics.com/m.html">M</a>,http://www.azlyrics.com/m.html
<a class="btn btn-menu" href="//www.azlyrics.com/n.html">N</a>,http://www.azlyrics.com/n.html
<a class="btn btn-menu" href="//www.azlyrics.com/o.html">O</a>,http://www.azlyrics.com/o.html
<a class="btn btn-menu" href="//www.azlyrics.com/p.html">P</a>,http://www.azlyrics.com/p.html
<a class="btn btn-menu" href="//www.azlyrics.com/q.html">Q</a>,http://www.azlyrics.com/q.html
<a class="btn btn-menu" href="//www.azlyrics.com/r.html">R</a>,http://www.azlyrics.com/r.html
<a class="btn btn-menu" href="//www.azlyrics.com/s.html">S</a>,http://www.azlyrics.com/s.html
<a class="btn btn-menu" href="//www.azlyrics.com/t.html">T</a>,http://www.azlyrics.com/t.html
<a class="btn btn-menu" href="//www.azlyrics.com/u.html">U</a>,http://www.azlyrics.com/u.html
<a class="btn btn-menu" href="//www.azlyrics.com/v.html">V</a>,http://www.azlyrics.com/v.html
<a class="btn btn-menu" href="//www.azlyrics.com/w.html">W</a>,http://www.azlyrics.com/w.html
<a class="btn btn-menu" href="//www.azlyrics.com/x.html">X</a>,http://www.azlyrics.com/x.html
<a class="btn btn-menu" href="//www.azlyrics.com/y.html">Y</a>,http://www.azlyrics.com/y.html
<a class="btn btn-menu" href="//www.azlyrics.com/z.html">Z</a>,http://www.azlyrics.com/z.html
<a class="btn btn-menu" href="//www.azlyrics.com/19.html">#</a>,http://www.azlyrics.com/19.html
<a class="btn btn-menu" href="//www.azlyrics.com/a.html">A</a>,http://www.azlyrics.com/a.html
<a class="btn btn-menu" href="//www.azlyrics.com/b.html">B</a>,http://www.azlyrics.com/b.html
<a class="btn btn-menu" href="//www.azlyrics.com/c.html">C</a>,http://www.azlyrics.com/c.html
<a class="btn btn-menu" href="//www.azlyrics.com/d.html">D</a>,http://www.azlyrics.com/d.html
<a class="btn btn-menu" href="//www.azlyrics.com/e.html">E</a>,http://www.azlyrics.com/e.html
<a class="btn btn-menu" href="//www.azlyrics.com/f.html">F</a>,http://www.azlyrics.com/f.html
<a class="btn btn-menu" href="//www.azlyrics.com/g.html">G</a>,http://www.azlyrics.com/g.html
<a class="btn btn-menu" href="//www.azlyrics.com/h.html">H</a>,http://www.azlyrics.com/h.html
<a class="btn btn-menu" href="//www.azlyrics.com/i.html">I</a>,http://www.azlyrics.com/i.html
<a class="btn btn-menu" href="//www.azlyrics.com/j.html">J</a>,http://www.azlyrics.com/j.html
<a class="btn btn-menu" href="//www.azlyrics.com/k.html">K</a>,http://www.azlyrics.com/k.html
<a class="btn btn-menu" href="//www.azlyrics.com/l.html">L</a>,http://www.azlyrics.com/l.html
<a class="btn btn-menu" href="//www.azlyrics.com/m.html">M</a>,http://www.azlyrics.com/m.html
<a class="btn btn-menu" href="//www.azlyrics.com/n.html">N</a>,http://www.azlyrics.com/n.html
<a class="btn btn-menu" href="//www.azlyrics.com/o.html">O</a>,http://www.azlyrics.com/o.html
<a class="btn btn-menu" href="//www.azlyrics.com/p.html">P</a>,http://www.azlyrics.com/p.html
<a class="btn btn-menu" href="//www.azlyrics.com/q.html">Q</a>,http://www.azlyrics.com/q.html
<a class="btn btn-menu" href="//www.azlyrics.com/r.html">R</a>,http://www.azlyrics.com/r.html
<a class="btn btn-menu" href="//www.azlyrics.com/s.html">S</a>,http://www.azlyrics.com/s.html
<a class="btn btn-menu" href="//www.azlyrics.com/t.html">T</a>,http://www.azlyrics.com/t.html
<a class="btn btn-menu" href="//www.azlyrics.com/u.html">U</a>,http://www.azlyrics.com/u.html
<a class="btn btn-menu" href="//www.azlyrics.com/v.html">V</a>,http://www.azlyrics.com/v.html
<a class="btn btn-menu" href="//www.azlyrics.com/w.html">W</a>,http://www.azlyrics.com/w.html
<a class="btn btn-menu" href="//www.azlyrics.com/x.html">X</a>,http://www.azlyrics.com/x.html
<a class="btn btn-menu" href="//www.azlyrics.com/y.html">Y</a>,http://www.azlyrics.com/y.html
<a class="btn btn-menu" href="//www.azlyrics.com/z.html">Z</a>,http://www.azlyrics.com/z.html
<a class="btn btn-menu" href="//www.azlyrics.com/19.html">#</a>,http://www.azlyrics.com/19.html
